{
  "_format": "hh-sol-cache-2",
  "files": {
    "D:\\New folder\\escrowSmartContract\\contracts\\Escrow.sol": {
      "lastModificationDate": 1681913169881,
      "contentHash": "0431c65ee8a98d63c4647f64cb2851e3",
      "sourceName": "contracts/Escrow.sol",
      "solcConfig": {
        "version": "0.8.2",
        "settings": {
          "optimizer": {
            "enabled": false,
            "runs": 200
          },
          "outputSelection": {
            "*": {
              "*": [
                "abi",
                "evm.bytecode",
                "evm.deployedBytecode",
                "evm.methodIdentifiers",
                "metadata",
                "storageLayout"
              ],
              "": [
                "ast"
              ]
            }
          }
        }
      },
      "imports": [],
      "versionPragmas": [
        "^0.8.2"
      ],
      "artifacts": [
        "Escrow"
      ]
    },
    "D:\\New folder\\escrowSmartContract\\node_modules\\@openzeppelin\\contracts-upgradeable\\proxy\\utils\\Initializable.sol": {
      "lastModificationDate": 1681912501868,
      "contentHash": "fc5844e59776a976987884e4d9814c7d",
      "sourceName": "@openzeppelin/contracts-upgradeable/proxy/utils/Initializable.sol",
      "solcConfig": {
        "version": "0.8.2",
        "settings": {
          "optimizer": {
            "enabled": false,
            "runs": 200
          },
          "outputSelection": {
            "*": {
              "*": [
                "abi",
                "evm.bytecode",
                "evm.deployedBytecode",
                "evm.methodIdentifiers",
                "metadata"
              ],
              "": [
                "ast"
              ]
            }
          }
        }
      },
      "imports": [
        "../../utils/AddressUpgradeable.sol"
      ],
      "versionPragmas": [
        "^0.8.2"
      ],
      "artifacts": [
        "Initializable"
      ]
    },
    "D:\\New folder\\escrowSmartContract\\node_modules\\@openzeppelin\\contracts-upgradeable\\utils\\AddressUpgradeable.sol": {
      "lastModificationDate": 1681912501552,
      "contentHash": "228f256dbb21393bc9ad02648e222f74",
      "sourceName": "@openzeppelin/contracts-upgradeable/utils/AddressUpgradeable.sol",
      "solcConfig": {
        "version": "0.8.2",
        "settings": {
          "optimizer": {
            "enabled": false,
            "runs": 200
          },
          "outputSelection": {
            "*": {
              "*": [
                "abi",
                "evm.bytecode",
                "evm.deployedBytecode",
                "evm.methodIdentifiers",
                "metadata"
              ],
              "": [
                "ast"
              ]
            }
          }
        }
      },
      "imports": [],
      "versionPragmas": [
        "^0.8.1"
      ],
      "artifacts": [
        "AddressUpgradeable"
      ]
    }
  }
}
